rank,prev_rank,name,league,off,def,spi
1,1,Manchester City,Barclays Premier League,3.3,0.24,95.16
2,3,Bayern Munich,German Bundesliga,3.34,0.43,93.11
3,2,Liverpool,Barclays Premier League,2.94,0.29,92.61
4,4,Paris Saint-Germain,French Ligue 1,2.88,0.47,89.49
5,6,Barcelona,Spanish Primera Division,2.81,0.46,89.15
6,5,Real Madrid,Spanish Primera Division,2.81,0.48,88.88
7,7,Chelsea,Barclays Premier League,2.61,0.46,87.39
8,9,Atletico Madrid,Spanish Primera Division,2.27,0.33,86.55
9,8,Juventus,Italy Serie A,2.56,0.5,86.24
10,10,RB Leipzig,German Bundesliga,2.52,0.59,84.17
11,13,Leicester City,Barclays Premier League,2.23,0.45,83.73
12,12,Ajax,Dutch Eredivisie,3.02,0.92,83.55
13,14,Tottenham Hotspur,Barclays Premier League,2.44,0.62,82.48
14,11,FC Salzburg,Austrian T-Mobile Bundesliga,3.0,1.0,81.97
15,16,Manchester United,Barclays Premier League,2.16,0.53,80.96
16,15,Borussia Dortmund,German Bundesliga,2.44,0.72,80.49
17,20,Internazionale,Italy Serie A,2.36,0.69,80.1
18,17,Bayer Leverkusen,German Bundesliga,2.31,0.66,80.01
19,18,Sevilla FC,Spanish Primera Division,2.18,0.59,79.82
20,19,Napoli,Italy Serie A,2.25,0.65,79.69
21,21,Everton,Barclays Premier League,1.98,0.57,77.3
22,22,Zenit St Petersburg,Russian Premier Liga,2.1,0.66,77.08
23,24,FC Porto,Portuguese Liga,1.98,0.59,76.98
24,25,Real Sociedad,Spanish Primera Division,2.03,0.66,76.14
25,27,Getafe,Spanish Primera Division,1.76,0.48,76.11
26,26,Benfica,Portuguese Liga,2.17,0.77,75.87
27,23,Arsenal,Barclays Premier League,2.29,0.86,75.66
28,31,AS Roma,Italy Serie A,2.08,0.73,75.27
29,34,Wolverhampton,Barclays Premier League,1.86,0.6,74.8
30,30,Athletic Bilbao,Spanish Primera Division,1.78,0.55,74.68
31,29,Borussia Monchengladbach,German Bundesliga,2.17,0.86,73.77
32,35,Atalanta,Italy Serie A,2.25,0.92,73.74
33,28,Eintracht Frankfurt,German Bundesliga,2.11,0.82,73.74
34,36,Lazio,Italy Serie A,2.13,0.86,73.14
35,43,VfL Wolfsburg,German Bundesliga,1.85,0.69,72.24
36,33,Villarreal,Spanish Primera Division,2.12,0.9,72.04
37,32,TSG Hoffenheim,German Bundesliga,2.22,0.98,71.82
38,37,Valencia,Spanish Primera Division,2.07,0.88,71.74
39,41,Club Brugge,Belgian Jupiler League,2.04,0.85,71.72
40,40,Flamengo,Brasileiro Série A,1.98,0.81,71.67
41,39,Olympiacos,Greek Super League,1.98,0.83,71.34
42,50,Burnley,Barclays Premier League,1.94,0.8,71.33
43,44,AC Milan,Italy Serie A,1.85,0.74,71.3
44,42,Schalke 04,German Bundesliga,1.95,0.82,71.1
45,53,AZ,Dutch Eredivisie,2.18,0.99,71.05
46,38,Lyon,French Ligue 1,1.93,0.81,70.87
47,45,Espanyol,Spanish Primera Division,1.85,0.76,70.58
48,46,Osasuna,Spanish Primera Division,1.81,0.74,70.46
49,49,Shakhtar Donetsk,UEFA Champions League,2.15,1.0,70.23
50,51,Crystal Palace,Barclays Premier League,1.85,0.78,70.21
51,57,Celtic,Scottish Premiership,1.98,0.9,69.62
52,47,Eibar,Spanish Primera Division,1.79,0.76,69.51
53,54,Lille,French Ligue 1,1.79,0.77,69.34
54,48,AFC Bournemouth,Barclays Premier League,1.96,0.91,69.08
55,56,Sheffield United,Barclays Premier League,1.76,0.76,68.92
56,58,FC Krasnodar,Russian Premier Liga,1.9,0.88,68.83
57,65,Celta Vigo,Spanish Primera Division,1.78,0.78,68.77
58,60,Real Betis,Spanish Primera Division,1.89,0.87,68.75
59,52,Granada,Spanish Primera Division,1.71,0.73,68.72
60,62,Werder Bremen,German Bundesliga,2.03,1.01,68.14
61,61,Fiorentina,Italy Serie A,1.87,0.91,67.45
62,70,LASK Linz,Austrian T-Mobile Bundesliga,1.81,0.86,67.44
63,68,Dinamo Zagreb,UEFA Champions League,2.11,1.11,67.14
64,64,Young Boys,Swiss Raiffeisen Super League,2.38,1.33,67.12
65,66,Palmeiras,Brasileiro Série A,1.68,0.78,67.01
66,76,Alavés,Spanish Primera Division,1.75,0.84,66.86
67,59,Brighton and Hove Albion,Barclays Premier League,1.82,0.9,66.85
68,67,Rangers,Scottish Premiership,2.0,1.04,66.82
69,55,Basel,Swiss Raiffeisen Super League,2.09,1.11,66.77
70,71,Leeds United,English League Championship,1.72,0.82,66.71
71,69,PAOK Salonika,Greek Super League,1.93,1.0,66.51
72,63,Watford,Barclays Premier League,1.82,0.91,66.44
73,80,Montpellier,French Ligue 1,1.54,0.7,66.09
74,73,River Plate,Argentina Primera Division,1.79,0.91,65.89
75,77,Aston Villa,Barclays Premier League,1.85,0.97,65.61
76,74,Leganes,Spanish Primera Division,1.58,0.75,65.58
77,78,Newcastle,Barclays Premier League,1.71,0.86,65.53
78,75,West Ham United,Barclays Premier League,1.92,1.03,65.51
79,79,Dynamo Kiev,UEFA Europa League,1.82,0.95,65.41
80,87,Southampton,Barclays Premier League,1.88,1.01,65.31
81,101,Strasbourg,French Ligue 1,1.63,0.81,65.13
82,83,AS Monaco,French Ligue 1,1.86,1.0,64.98
83,82,Marseille,French Ligue 1,1.68,0.86,64.94
84,72,Hertha Berlin,German Bundesliga,1.87,1.02,64.81
85,81,PSV,Dutch Eredivisie,2.09,1.21,64.74
86,91,Grêmio,Brasileiro Série A,1.66,0.87,64.31
87,88,Angers,French Ligue 1,1.56,0.79,64.21
88,86,CSKA Moscow,Russian Premier Liga,1.67,0.89,64.13
89,85,Levante,Spanish Primera Division,1.95,1.13,63.74
90,90,Real Valladolid,Spanish Primera Division,1.66,0.89,63.58
91,92,Sporting CP,Portuguese Liga,1.68,0.92,63.47
92,89,SC Freiburg,German Bundesliga,1.79,1.01,63.46
93,93,Lokomotiv Moscow,Russian Premier Liga,1.75,0.98,63.32
94,96,Cagliari,Italy Serie A,1.73,0.99,62.76
95,84,Fortuna Düsseldorf,German Bundesliga,1.86,1.1,62.75
96,112,Mainz,German Bundesliga,2.0,1.22,62.54
97,106,Santos,Brasileiro Série A,1.55,0.85,62.53
98,109,FC Augsburg,German Bundesliga,1.86,1.11,62.47
99,97,Mallorca,Spanish Primera Division,1.69,0.97,62.45
100,102,Nantes,French Ligue 1,1.47,0.78,62.37
101,99,FC Midtjylland,Danish SAS-Ligaen,1.71,0.99,62.24
102,100,Slavia Prague,UEFA Champions League,1.86,1.12,62.23
103,95,Bologna,Italy Serie A,1.74,1.02,62.17
104,108,1. FC Union Berlin,German Bundesliga,1.67,0.97,62.16
105,103,Ludogorets,UEFA Europa League,1.73,1.02,61.97
106,110,Sampdoria,Italy Serie A,1.58,0.9,61.77
107,94,Galatasaray,Turkish Turkcell Super Lig,1.69,1.0,61.59
108,98,Torino,Italy Serie A,1.66,0.98,61.39
109,105,FC Cologne,German Bundesliga,1.7,1.02,61.35
110,114,Atlético Paranaense,Brasileiro Série A,1.48,0.84,61.33
111,104,Fulham,English League Championship,1.69,1.03,61.03
112,107,Sassuolo,Italy Serie A,1.73,1.07,60.84
113,111,Braga,Portuguese Liga,1.65,1.0,60.76
114,113,Malmo FF,Swedish Allsvenskan,1.51,0.88,60.68
115,117,Reims,French Ligue 1,1.37,0.76,60.59
116,119,Guangzhou Evergrande,Chinese Super League,1.85,1.18,60.59
117,115,Brentford,English League Championship,1.49,0.89,60.01
118,116,Boca Juniors,Argentina Primera Division,1.47,0.87,59.95
119,124,Parma,Italy Serie A,1.65,1.05,59.52
120,121,Club América,Mexican Primera Division Torneo Apertura,1.62,1.03,59.49
121,118,Stade Rennes,French Ligue 1,1.56,0.98,59.4
122,133,Norwich City,Barclays Premier League,1.73,1.13,59.35
123,120,FC Copenhagen,Danish SAS-Ligaen,1.8,1.2,59.2
124,125,Red Star Belgrade,UEFA Champions League,1.98,1.37,58.95
125,132,Istanbul Basaksehir,Turkish Turkcell Super Lig,1.53,0.98,58.72
126,143,Trabzonspor,Turkish Turkcell Super Lig,1.76,1.19,58.63
127,123,St Etienne,French Ligue 1,1.47,0.93,58.51
128,126,Bordeaux,French Ligue 1,1.43,0.9,58.45
129,141,Nice,French Ligue 1,1.51,0.97,58.41
130,122,Shanghai SIPG,Chinese Super League,1.65,1.1,58.31
131,129,São Paulo,Brasileiro Série A,1.3,0.79,58.03
132,130,Guimaraes,Portuguese Liga,1.51,0.99,57.95
133,131,Los Angeles FC,Major League Soccer,1.98,1.43,57.68
134,140,Internacional,Brasileiro Série A,1.39,0.9,57.59
135,134,Genoa,Italy Serie A,1.71,1.2,57.34
136,128,West Bromwich Albion,English League Championship,1.62,1.12,57.27
137,144,Besiktas,Turkish Turkcell Super Lig,1.72,1.21,57.26
138,135,Hammarby,Swedish Allsvenskan,2.13,1.6,57.14
139,136,Apoel Nicosia,UEFA Europa League,1.63,1.14,57.14
140,127,KAA Gent,Belgian Jupiler League,1.74,1.24,57.05
141,138,Beijing Guoan,Chinese Super League,1.7,1.2,57.04
142,146,Verona,Italy Serie A,1.48,1.01,56.93
143,139,Fenerbahce,Turkish Turkcell Super Lig,1.63,1.15,56.93
144,145,Tigres UANL,Mexican Primera Division Torneo Apertura,1.38,0.93,56.53
145,142,Nimes,French Ligue 1,1.53,1.07,56.5
146,154,Wolfsberger AC,Austrian T-Mobile Bundesliga,1.72,1.26,56.16
147,148,Spartak Moscow,Russian Premier Liga,1.34,0.9,56.09
148,152,Standard Liege,Belgian Jupiler League,1.65,1.21,55.74
149,151,Santos Laguna,Mexican Primera Division Torneo Apertura,1.66,1.23,55.73
150,150,Genk,Belgian Jupiler League,1.71,1.27,55.73
151,149,Monterrey,Mexican Primera Division Torneo Apertura,1.58,1.15,55.62
152,164,SC Paderborn,German Bundesliga,1.62,1.21,55.16
153,147,Udinese,Italy Serie A,1.49,1.09,55.06
154,163,Molde,Norwegian Tippeligaen,1.87,1.48,54.57
155,155,Cruz Azul,Mexican Primera Division Torneo Apertura,1.46,1.09,54.51
156,156,Toulouse,French Ligue 1,1.54,1.16,54.36
157,161,Dijon FCO,French Ligue 1,1.38,1.01,54.32
158,159,Spal,Italy Serie A,1.41,1.06,54.01
159,137,Amiens,French Ligue 1,1.4,1.05,53.92
160,153,Brescia,Italy Serie A,1.52,1.17,53.73
161,162,Brest,French Ligue 1,1.43,1.1,53.45
162,160,Preston North End,English League Championship,1.47,1.14,53.45
163,157,Rostov,Russian Premier Liga,1.47,1.14,53.41
164,158,Brondby,Danish SAS-Ligaen,1.81,1.48,53.31
165,183,St Gallen,Swiss Raiffeisen Super League,1.77,1.44,53.3
166,167,Kawasaki Frontale,Japanese J League,1.5,1.18,53.28
167,180,Pachuca,Mexican Primera Division Torneo Apertura,1.63,1.31,53.21
168,166,Rapid Vienna,Austrian T-Mobile Bundesliga,1.62,1.31,52.92
169,171,FK Qarabag,UEFA Europa League,1.48,1.18,52.8
170,174,Racing Club,Argentina Primera Division,1.32,1.03,52.61
171,168,Metz,French Ligue 1,1.37,1.08,52.38
172,165,Atletico Mineiro,Brasileiro Série A,1.35,1.07,52.36
173,175,Lecce,Italy Serie A,1.61,1.33,52.33
174,182,Feyenoord,Dutch Eredivisie,1.77,1.48,52.33
175,177,Djurgardens IF,Swedish Allsvenskan,1.36,1.08,52.22
176,178,IFK Norrkoping,Swedish Allsvenskan,1.54,1.26,52.21
177,179,Rio Ave,Portuguese Liga,1.47,1.19,52.15
178,184,Ferencvaros,UEFA Europa League,1.51,1.25,51.88
179,185,Fluminense,Brasileiro Série A,1.39,1.14,51.67
180,176,Cardiff City,English League Championship,1.5,1.25,51.46
181,181,AEK Athens,Greek Super League,1.46,1.21,51.44
182,173,Bahía,Brasileiro Série A,1.32,1.07,51.41
183,169,Cruzeiro,Brasileiro Série A,1.24,0.99,51.37
184,170,Vasco da Gama,Brasileiro Série A,1.36,1.12,51.3
185,195,Hamburg SV,German 2. Bundesliga,1.49,1.26,51.14
186,190,FK Partizan Belgrade,UEFA Europa League,1.45,1.23,50.88
187,207,Sivasspor,Turkish Turkcell Super Lig,1.63,1.41,50.87
188,192,Ceará,Brasileiro Série A,1.24,1.01,50.83
189,188,FC Arsenal Tula,Russian Premier Liga,1.3,1.08,50.7
190,187,León,Mexican Primera Division Torneo Apertura,1.53,1.32,50.66
191,201,VfB Stuttgart,German 2. Bundesliga,1.57,1.36,50.64
192,172,FC Utrecht,Dutch Eredivisie,1.68,1.47,50.56
193,198,Stoke City,English League Championship,1.34,1.13,50.49
194,189,Corinthians,Brasileiro Série A,1.2,0.99,50.34
195,197,FC Astana,UEFA Europa League,1.52,1.33,50.18
196,191,Jiangsu Suning FC,Chinese Super League,1.48,1.29,50.1
197,206,Sheffield Wednesday,English League Championship,1.34,1.15,50.04
198,186,Vitesse,Dutch Eredivisie,1.74,1.56,50.03
199,193,Anderlecht,Belgian Jupiler League,1.35,1.17,49.96
200,199,Velez Sarsfield,Argentina Primera Division,1.19,1.01,49.89
201,205,Shandong Luneng,Chinese Super League,1.57,1.41,49.71
202,203,Bristol City,English League Championship,1.43,1.26,49.69
203,212,Antwerp,Belgian Jupiler League,1.58,1.42,49.66
204,200,Kashima Antlers,Japanese J League,1.33,1.17,49.43
205,202,Nottingham Forest,English League Championship,1.26,1.1,49.36
206,208,Hull City,English League Championship,1.43,1.29,49.09
207,196,Swansea City,English League Championship,1.43,1.29,49.05
208,194,Gazovik Orenburg,Russian Premier Liga,1.38,1.24,48.96
209,204,Yeni Malatyaspor,Turkish Turkcell Super Lig,1.52,1.38,48.91
210,216,Dinamo Moscow,Russian Premier Liga,1.1,0.96,48.7
211,219,Millwall,English League Championship,1.28,1.14,48.69
212,209,Huddersfield Town,English League Championship,1.32,1.2,48.53
213,210,AIK,Swedish Allsvenskan,1.29,1.16,48.48
214,229,Querétaro,Mexican Primera Division Torneo Apertura,1.37,1.26,48.2
215,213,Yokohama F. Marinos,Japanese J League,1.58,1.48,48.19
216,218,Derby County,English League Championship,1.36,1.26,48.02
217,220,Girona FC,Spanish Segunda Division,1.33,1.23,47.98
218,214,Atlanta United FC,Major League Soccer,1.47,1.38,47.92
219,215,Birmingham,English League Championship,1.3,1.2,47.89
220,224,Queens Park Rangers,English League Championship,1.43,1.34,47.72
221,225,Defensa y Justicia,Argentina Primera Division,1.18,1.09,47.49
222,221,CA Independiente,Argentina Primera Division,1.24,1.17,47.27
223,211,Necaxa,Mexican Primera Division Torneo Apertura,1.41,1.35,47.2
224,232,SK Sturm Graz,Austrian T-Mobile Bundesliga,1.3,1.25,46.81
225,246,Sporting de Charleroi,Belgian Jupiler League,1.37,1.33,46.79
226,217,Pumas Unam,Mexican Primera Division Torneo Apertura,1.29,1.25,46.67
227,238,Fortaleza,Brasileiro Série A,1.28,1.23,46.65
228,226,New York City FC,Major League Soccer,1.49,1.46,46.62
229,228,Boavista,Portuguese Liga,1.09,1.03,46.58
230,223,FC Groningen,Dutch Eredivisie,1.2,1.15,46.58
231,234,Aris Salonika,Greek Super League,1.38,1.35,46.52
232,230,CFR 1907 Cluj,UEFA Europa League,1.42,1.39,46.43
233,237,AGF Aarhus,Danish SAS-Ligaen,1.39,1.37,46.26
234,233,Slovan Bratislava,UEFA Europa League,1.25,1.23,46.11
235,222,Blackburn,English League Championship,1.35,1.34,45.98
236,227,Lanus,Argentina Primera Division,1.28,1.26,45.96
237,235,Santa Clara,Portuguese Liga,1.24,1.23,45.86
238,236,Philadelphia Union,Major League Soccer,1.5,1.51,45.79
239,240,Heerenveen,Dutch Eredivisie,1.53,1.55,45.6
240,241,Toronto FC,Major League Soccer,1.49,1.52,45.31
241,242,PFC Oleksandriya,UEFA Europa League,1.32,1.33,45.31
242,243,Banfield,Argentina Primera Division,1.14,1.14,45.18
243,259,Lorient,French Ligue 2,1.32,1.34,45.08
244,245,Odense BK,Danish SAS-Ligaen,1.32,1.35,45.06
245,247,Reading,English League Championship,1.21,1.23,44.93
246,264,Terek Grozny,Russian Premier Liga,1.02,1.03,44.88
247,231,Alanyaspor,Turkish Turkcell Super Lig,1.27,1.3,44.88
248,270,FC Nordsjaelland,Danish SAS-Ligaen,1.51,1.56,44.84
249,269,SV Zulte Waregem,Belgian Jupiler League,1.43,1.48,44.82
250,244,FC Ufa,Russian Premier Liga,0.99,0.99,44.76
251,295,Lens,French Ligue 2,1.14,1.17,44.71
252,250,Mouscron-Peruwelz,Belgian Jupiler League,1.29,1.33,44.7
253,248,Newell's Old Boys,Argentina Primera Division,1.13,1.16,44.66
254,281,AaB,Danish SAS-Ligaen,1.33,1.39,44.37
255,253,Famalicao,Portuguese Liga,1.35,1.42,44.31
256,252,Guadalajara,Mexican Primera Division Torneo Apertura,1.25,1.31,44.3
257,249,Middlesbrough,English League Championship,1.21,1.26,44.29
258,251,Cadiz,Spanish Segunda Division,1.14,1.18,44.27
259,254,Portimonense,Portuguese Liga,1.22,1.28,44.13
260,239,Morelia,Mexican Primera Division Torneo Apertura,1.37,1.46,43.86
261,260,Heracles,Dutch Eredivisie,1.6,1.72,43.8
262,256,Rosenborg,Norwegian Tippeligaen,1.48,1.59,43.78
263,257,Los Angeles Galaxy,Major League Soccer,1.81,1.94,43.78
264,258,Ural Sverdlovsk Oblast,Russian Premier Liga,1.25,1.34,43.66
265,261,Krylia Sovetov,Russian Premier Liga,1.11,1.18,43.56
266,262,Chicago Fire,Major League Soccer,1.45,1.56,43.52
267,263,Union Santa Fe,Argentina Primera Division,1.12,1.2,43.51
268,298,FC Lugano,Swiss Raiffeisen Super League,1.17,1.25,43.44
269,265,Guingamp,French Ligue 2,1.36,1.46,43.39
270,266,Gil Vicente,Portuguese Liga,1.14,1.23,43.34
271,268,Seattle Sounders FC,Major League Soccer,1.39,1.51,43.13
272,272,Atromitos,Greek Super League,1.25,1.36,43.08
273,274,Sochi,Russian Premier Liga,1.19,1.29,42.95
274,271,FC Tambov,Russian Premier Liga,1.25,1.37,42.82
275,273,Argentinos Juniors,Argentina Primera Division,0.99,1.08,42.55
276,279,Atlético Tucumán,Argentina Primera Division,1.08,1.19,42.47
277,255,Rayo Vallecano,Spanish Segunda Division,1.26,1.4,42.42
278,300,Sparta,Dutch Eredivisie,1.38,1.55,42.18
279,267,FC Tokyo,Japanese J League,1.04,1.16,42.12
280,280,Botafogo,Brasileiro Série A,1.08,1.22,42.07
281,282,New York Red Bulls,Major League Soccer,1.41,1.59,41.98
282,275,Wigan,English League Championship,1.15,1.3,41.97
283,309,Sydney FC,Australian A-League,1.4,1.58,41.9
284,285,Talleres de Córdoba,Argentina Primera Division,1.04,1.17,41.86
285,286,Arsenal Sarandi,Argentina Primera Division,1.28,1.45,41.82
286,276,Sanfrecce Hiroshima,Japanese J League,1.1,1.25,41.81
287,277,ADO Den Haag,Dutch Eredivisie,1.47,1.68,41.76
288,325,Goiás,Brasileiro Série A,1.22,1.39,41.74
289,287,Moreirense,Portuguese Liga,1.15,1.31,41.68
290,304,Goztepe,Turkish Turkcell Super Lig,1.08,1.23,41.67
291,288,BK Hacken,Swedish Allsvenskan,1.15,1.31,41.67
292,289,Estudiantes,Argentina Primera Division,0.95,1.08,41.65
293,290,Tondela,Portuguese Liga,1.15,1.32,41.64
294,291,Rosario Central,Argentina Primera Division,1.05,1.19,41.63
295,326,Servette,Swiss Raiffeisen Super League,1.24,1.42,41.42
296,293,Pacos Ferreira,Portuguese Liga,1.11,1.27,41.41
297,296,Portland Timbers,Major League Soccer,1.44,1.66,41.32
298,328,FC Zurich,Swiss Raiffeisen Super League,1.26,1.46,41.18
299,302,Rubin Kazan,Russian Premier Liga,0.86,0.99,41.08
300,310,Tianjin Teda,Chinese Super League,1.27,1.47,41.03
301,299,FC Dallas,Major League Soccer,1.37,1.6,40.98
302,317,Almeria,Spanish Segunda Division,1.08,1.26,40.97
303,297,San Lorenzo,Argentina Primera Division,1.14,1.33,40.86
304,283,Arminia Bielefeld,German 2. Bundesliga,1.24,1.45,40.8
305,284,Cerezo Osaka,Japanese J League,0.92,1.08,40.71
306,303,FK Austria Vienna,Austrian T-Mobile Bundesliga,1.38,1.63,40.56
307,318,Tijuana,Mexican Primera Division Torneo Apertura,1.27,1.5,40.44
308,278,Randers FC,Danish SAS-Ligaen,1.3,1.55,40.33
309,311,Central Córdoba Santiago del Estero,Argentina Primera Division,1.11,1.33,40.26
310,306,Arizona United,United Soccer League,1.43,1.71,40.24
311,313,Hartberg,Austrian T-Mobile Bundesliga,1.51,1.8,40.2
312,316,KV Kortrijk,Belgian Jupiler League,1.33,1.59,40.17
313,308,San Jose Earthquakes,Major League Soccer,1.4,1.68,40.13
314,314,Shanghai Greenland,Chinese Super League,1.36,1.63,39.99
315,312,Vitoria Setubal,Portuguese Liga,0.93,1.12,39.99
316,324,Charlton Athletic,English League Championship,1.24,1.49,39.98
317,307,OFI Crete,Greek Super League,1.2,1.45,39.95
318,315,Gimnasia La Plata,Argentina Primera Division,1.07,1.3,39.86
319,341,Bodo/Glimt,Norwegian Tippeligaen,1.46,1.77,39.56
320,322,Desportivo Aves,Portuguese Liga,1.12,1.38,39.45
321,333,Puebla,Mexican Primera Division Torneo Apertura,1.17,1.44,39.42
322,323,Chapecoense AF,Brasileiro Série A,1.05,1.3,39.37
323,337,FC Sion,Swiss Raiffeisen Super League,1.37,1.7,39.03
324,294,FC Luzern,Swiss Raiffeisen Super League,1.25,1.55,38.99
325,301,KV Mechelen,Belgian Jupiler League,1.28,1.59,38.93
326,330,Henan Jianye,Chinese Super League,1.23,1.53,38.91
327,319,Konyaspor,Turkish Turkcell Super Lig,1.03,1.3,38.77
328,305,St. Truidense,Belgian Jupiler League,1.18,1.49,38.61
329,347,SD Huesca,Spanish Segunda Division,1.03,1.31,38.56
330,327,Aberdeen,Scottish Premiership,1.18,1.49,38.55
331,332,Minnesota United FC,Major League Soccer,1.25,1.58,38.54
332,320,Kasimpasa,Turkish Turkcell Super Lig,1.37,1.73,38.44
333,350,Hebei China Fortune FC,Chinese Super League,1.33,1.68,38.21
334,329,Wuhan Zall,Chinese Super League,1.22,1.56,38.08
335,335,Huracán,Argentina Primera Division,0.91,1.18,38.07
336,338,Belenenses,Portuguese Liga,1.06,1.37,38.06
337,340,Hannover 96,German 2. Bundesliga,1.23,1.59,37.94
338,339,Luton Town,English League Championship,1.19,1.54,37.93
339,321,Caykur Rizespor,Turkish Turkcell Super Lig,1.19,1.54,37.84
340,342,Panathinaikos,Greek Super League,1.01,1.33,37.79
341,352,Willem II,Dutch Eredivisie,1.41,1.81,37.78
342,331,FC Twente,Dutch Eredivisie,1.33,1.72,37.65
343,344,Maritimo,Portuguese Liga,1.06,1.39,37.61
344,345,New England Revolution,Major League Soccer,1.36,1.76,37.58
345,334,Dalian Aerbin,Chinese Super League,1.3,1.68,37.57
346,346,Toluca,Mexican Primera Division Torneo Apertura,1.09,1.43,37.46
347,348,Sporting Kansas City,Major League Soccer,1.37,1.78,37.38
348,349,Columbus Crew,Major League Soccer,1.12,1.47,37.36
349,351,Atlas,Mexican Primera Division Torneo Apertura,1.07,1.42,37.32
350,343,Perth Glory,Australian A-League,1.22,1.61,37.23
351,336,CSA,Brasileiro Série A,1.04,1.39,37.19
352,364,Gamba Osaka,Japanese J League,1.19,1.58,37.11
353,353,Real Salt Lake,Major League Soccer,1.01,1.36,36.98
354,354,Colorado Rapids,Major League Soccer,1.36,1.79,36.83
355,355,Patronato,Argentina Primera Division,1.04,1.41,36.75
356,372,Oxford United,English League One,1.25,1.67,36.7
357,365,Barnsley,English League Championship,1.21,1.62,36.61
358,361,Holstein Kiel,German 2. Bundesliga,1.28,1.71,36.56
359,292,Troyes,French Ligue 2,0.97,1.33,36.45
360,358,Gazisehir Gaziantep,Turkish Turkcell Super Lig,1.19,1.62,36.34
361,363,1. FC Nürnberg,German 2. Bundesliga,1.18,1.61,36.25
362,362,IFK Goteborg,Swedish Allsvenskan,1.1,1.52,36.01
363,380,Genclerbirligi,Turkish Turkcell Super Lig,1.12,1.56,35.75
364,382,Jahn Regensburg,German 2. Bundesliga,1.32,1.82,35.66
365,360,Chongqing Lifan,Chinese Super League,1.11,1.55,35.65
366,366,F91 Dudelange,UEFA Europa League,1.43,1.96,35.54
367,379,PEC Zwolle,Dutch Eredivisie,1.38,1.9,35.51
368,359,Asteras Tripolis,Greek Super League,0.91,1.3,35.49
369,378,Vissel Kobe,Japanese J League,1.45,1.99,35.49
370,357,Málaga,Spanish Segunda Division,0.86,1.24,35.47
371,356,1. FC Heidenheim 1846,German 2. Bundesliga,1.11,1.57,35.45
372,371,Melbourne City,Australian A-League,1.23,1.71,35.35
373,367,Mamelodi Sundowns,South African ABSA Premier League,1.0,1.43,35.35
374,369,Colon Santa Fe,Argentina Primera Division,0.95,1.36,35.33
375,368,Cashpoint SC Rheindorf Altach,Austrian T-Mobile Bundesliga,1.26,1.77,35.05
376,373,DC United,Major League Soccer,1.14,1.62,35.05
377,375,Houston Dynamo,Major League Soccer,1.23,1.74,34.92
378,389,Real Zaragoza,Spanish Segunda Division,1.0,1.45,34.91
379,376,Kaizer Chiefs,South African ABSA Premier League,0.93,1.36,34.78
380,381,Crotone,Italy Serie B,1.06,1.54,34.53
381,392,Avaí,Brasileiro Série A,0.92,1.37,34.49
382,398,SV Sandhausen,German 2. Bundesliga,1.09,1.59,34.27
383,374,Sunderland,English League One,1.08,1.58,34.26
384,410,Real Monarchs SLC,United Soccer League,1.46,2.08,34.09
385,385,Larissa,Greek Super League,0.91,1.37,34.07
386,395,Guangzhou RF,Chinese Super League,1.48,2.11,34.0
387,383,Ipswich Town,English League One,1.04,1.55,33.97
388,377,Caen,French Ligue 2,1.07,1.58,33.96
389,388,Chievo Verona,Italy Serie B,1.05,1.56,33.84
390,421,Kilmarnock,Scottish Premiership,0.9,1.38,33.83
391,405,Elche,Spanish Segunda Division,1.05,1.58,33.73
392,390,Atlético San Luis,Mexican Primera Division Torneo Apertura,1.0,1.51,33.68
393,393,Orlando City SC,Major League Soccer,1.22,1.79,33.65
394,413,Denizlispor,Turkish Turkcell Super Lig,0.94,1.44,33.5
395,384,Fuenlabrada,Spanish Segunda Division,0.97,1.49,33.28
396,387,Shenzhen FC,Chinese Super League,1.12,1.69,33.24
397,399,Bidvest Wits,South African ABSA Premier League,1.0,1.54,33.22
398,370,Sporting Gijón,Spanish Segunda Division,0.86,1.35,33.13
399,400,FC Juárez,Mexican Primera Division Torneo Apertura,0.98,1.51,33.13
400,386,Neuchatel Xamax,Swiss Raiffeisen Super League,1.16,1.76,32.99
401,396,VfL Bochum,German 2. Bundesliga,1.2,1.82,32.68
402,404,Tianjin Quanujian,Chinese Super League,1.12,1.73,32.54
403,409,Emmen,Dutch Eredivisie,1.18,1.82,32.48
404,406,Benevento,Italy Serie B,0.9,1.44,32.47
405,446,Tenerife,Spanish Segunda Division,0.91,1.46,32.43
406,408,Le Havre,French Ligue 2,0.99,1.56,32.4
407,391,Consadole Sapporo,Japanese J League,1.14,1.77,32.26
408,440,Adelaide United,Australian A-League,1.12,1.75,32.13
409,412,Frosinone,Italy Serie B,0.97,1.55,32.1
410,425,Esbjerg,Danish SAS-Ligaen,0.99,1.59,32.05
411,414,Pittsburgh Riverhounds,United Soccer League,0.97,1.56,31.99
412,415,Nashville SC,United Soccer League,0.94,1.52,31.95
413,428,Las Palmas,Spanish Segunda Division,0.96,1.54,31.95
414,416,Orlando Pirates,South African ABSA Premier League,0.96,1.55,31.93
415,418,Montreal Impact,Major League Soccer,1.11,1.76,31.83
416,403,SD Ponferradina,Spanish Segunda Division,0.96,1.55,31.77
417,402,Numancia,Spanish Segunda Division,0.81,1.35,31.75
418,423,Lamia,Greek Super League,0.83,1.38,31.74
419,397,Louisville City FC,United Soccer League,1.17,1.84,31.7
420,394,Empoli,Italy Serie B,1.04,1.67,31.69
421,422,Haugesund,Norwegian Tippeligaen,1.0,1.63,31.6
422,424,Antalyaspor,Turkish Turkcell Super Lig,1.07,1.72,31.45
423,401,Kristiansund BK,Norwegian Tippeligaen,1.11,1.78,31.39
424,427,Godoy Cruz,Argentina Primera Division,0.98,1.62,31.3
425,434,Viking FK,Norwegian Tippeligaen,1.14,1.82,31.26
426,411,Karlsruher SC,German 2. Bundesliga,1.13,1.81,31.2
427,452,Hibernian,Scottish Premiership,1.07,1.74,31.14
428,467,Racing Santander,Spanish Segunda Division,0.92,1.54,31.11
429,429,Sonderjyske,Danish SAS-Ligaen,1.07,1.74,30.98
430,438,Peterborough United,English League One,1.19,1.92,30.93
431,435,Aldosivi,Argentina Primera Division,0.84,1.44,30.88
432,420,FC St. Pauli,German 2. Bundesliga,1.04,1.71,30.87
433,437,Odd BK,Norwegian Tippeligaen,1.04,1.72,30.77
434,454,Stabaek,Norwegian Tippeligaen,0.97,1.63,30.68
435,436,Eupen,Belgian Jupiler League,0.99,1.67,30.58
436,448,Clermont Foot,French Ligue 2,0.86,1.5,30.37
437,455,AD Alcorcon,Spanish Segunda Division,0.79,1.39,30.32
438,443,FC Trenkwalder Admira,Austrian T-Mobile Bundesliga,1.15,1.9,30.32
439,444,Lobos de la BUAP,Mexican Primera Division Torneo Clausura,0.98,1.67,30.3
440,439,Waasland-Beveren,Belgian Jupiler League,1.05,1.77,30.24
441,447,IF Elfsborg,Swedish Allsvenskan,1.07,1.8,30.15
442,458,VfL Osnabruck,German 2. Bundesliga,0.91,1.59,30.04
443,419,Ankaragucu,Turkish Turkcell Super Lig,0.92,1.6,30.02
444,456,Hobro IK,Danish SAS-Ligaen,0.93,1.62,29.99
445,407,Sochaux,French Ligue 2,0.77,1.39,29.94
446,430,Albacete,Spanish Segunda Division,0.72,1.33,29.86
447,450,KV Oostende,Belgian Jupiler League,0.99,1.72,29.79
448,453,SV Darmstadt 98,German 2. Bundesliga,0.93,1.63,29.74
449,449,Nagoya Grampus Eight,Japanese J League,1.07,1.83,29.65
450,459,Western United,Australian A-League,0.97,1.69,29.65
451,426,Auxerre,French Ligue 2,0.81,1.46,29.65
452,457,AS Nancy Lorraine,French Ligue 2,0.8,1.45,29.65
453,417,Thun,Swiss Raiffeisen Super League,1.12,1.89,29.58
454,431,Real Oviedo,Spanish Segunda Division,0.93,1.64,29.56
455,432,Kayserispor,Turkish Turkcell Super Lig,1.03,1.78,29.52
456,465,Rotherham United,English League One,0.95,1.67,29.4
457,441,SV Mattersburg,Austrian T-Mobile Bundesliga,1.18,2.0,29.38
458,442,Motherwell,Scottish Premiership,1.06,1.83,29.35
459,471,Lyngby,Danish SAS-Ligaen,1.04,1.83,29.02
460,486,Mirandes,Spanish Segunda Division,0.97,1.72,28.96
461,461,RKC,Dutch Eredivisie,1.14,1.96,28.91
462,469,Tampa Bay Rowdies,United Soccer League,1.0,1.79,28.71
463,460,FC Xanthi,Greek Super League,0.75,1.43,28.67
464,470,Newcastle Jets,Australian A-League,1.07,1.88,28.67
465,451,Vegalta Sendai,Japanese J League,0.89,1.63,28.61
466,464,AC Ajaccio,French Ligue 2,0.69,1.34,28.58
467,445,Melbourne Victory,Australian A-League,1.07,1.9,28.42
468,463,SpVgg Greuther Fürth,German 2. Bundesliga,0.91,1.68,28.41
469,481,Erzgebirge Aue,German 2. Bundesliga,0.99,1.79,28.39
470,466,Deportivo La Coruña,Spanish Segunda Division,0.82,1.54,28.35
471,488,Portsmouth,English League One,0.9,1.67,28.18
472,500,St. Pölten,Austrian T-Mobile Bundesliga,1.03,1.86,28.17
473,479,Volos NFC,Greek Super League,0.91,1.69,28.11
474,462,Fortuna Sittard,Dutch Eredivisie,1.24,2.16,28.06
475,475,Oita Trinita,Japanese J League,0.72,1.42,28.03
476,473,Dynamo Dresden,German 2. Bundesliga,0.93,1.74,27.96
477,477,Urawa Red Diamonds,Japanese J League,0.92,1.72,27.95
478,478,Reno 1868 FC,United Soccer League,1.14,2.04,27.93
479,476,Grenoble,French Ligue 2,0.74,1.46,27.92
480,489,Paris FC,French Ligue 2,0.66,1.34,27.85
481,474,WSG Swarovski Wattens,Austrian T-Mobile Bundesliga,1.04,1.92,27.53
482,480,Lugo,Spanish Segunda Division,0.81,1.59,27.41
483,483,Black Aces,South African ABSA Premier League,1.02,1.9,27.37
484,433,SK Brann,Norwegian Tippeligaen,0.75,1.51,27.21
485,484,Cittadella,Italy Serie B,0.79,1.58,27.21
486,485,Valerenga,Norwegian Tippeligaen,0.96,1.83,27.08
487,494,VVV Venlo,Dutch Eredivisie,1.16,2.13,26.85
488,468,Extremadura UD,Spanish Segunda Division,0.73,1.51,26.82
489,493,Guizhou Renhe,Chinese Super League,0.96,1.85,26.67
490,472,Hearts,Scottish Premiership,0.89,1.75,26.58
491,490,Sagan Tosu,Japanese J League,0.82,1.69,26.08
492,487,Doncaster Rovers,English League One,0.89,1.81,25.84
493,498,Spezia,Italy Serie B,0.8,1.67,25.79
494,502,Cercle Brugge,Belgian Jupiler League,1.02,2.0,25.75
495,540,Stromsgodset,Norwegian Tippeligaen,1.08,2.09,25.75
496,509,Panionios,Greek Super League,0.78,1.65,25.69
497,499,Shimizu S-Pulse,Japanese J League,1.08,2.09,25.68
498,491,Silkeborg,Danish SAS-Ligaen,1.08,2.1,25.48
499,482,Perugia,Italy Serie B,0.82,1.72,25.47
500,496,Panetolikos,Greek Super League,0.79,1.68,25.45
501,492,Burton Albion,English League One,0.81,1.72,25.32
502,497,Rodez,French Ligue 2,0.84,1.76,25.25
503,512,Valenciennes,French Ligue 2,0.69,1.55,25.11
504,506,Fleetwood Town,English League One,0.88,1.84,25.04
505,504,SV Wehen Wiesbaden,German 2. Bundesliga,0.93,1.91,25.02
506,495,US Pescara,Italy Serie B,0.84,1.77,25.01
507,505,New York Red Bulls II,United Soccer League,1.2,2.31,25.01
508,501,Wellington Phoenix,Australian A-League,1.06,2.11,24.93
509,508,Veracruz,Mexican Primera Division Torneo Apertura,0.87,1.83,24.89
510,511,GIF Sundsvall,Swedish Allsvenskan,0.88,1.88,24.39
511,503,Livingston,Scottish Premiership,0.85,1.85,24.18
512,514,Western Sydney FC,Australian A-League,0.96,2.02,24.18
513,513,SuperSport United,South African ABSA Premier League,0.68,1.59,24.09
514,515,Vancouver Whitecaps,Major League Soccer,0.93,1.98,24.08
515,507,Chateauroux,French Ligue 2,0.61,1.47,24.07
516,525,Wycombe Wanderers,English League One,0.73,1.67,24.05
517,524,Le Mans,French Ligue 2,0.84,1.86,23.78
518,517,Bloem Celtic,South African ABSA Premier League,0.77,1.75,23.72
519,528,Blackpool,English League One,0.78,1.77,23.58
520,526,Cremonese,Italy Serie B,0.67,1.62,23.4
521,510,Orléans,French Ligue 2,0.75,1.74,23.38
522,518,North Carolina FC,United Soccer League,0.96,2.08,23.23
523,519,Orebro SK,Swedish Allsvenskan,0.95,2.07,23.22
524,562,Chambly Thelle FC,French Ligue 2,0.69,1.67,23.2
525,527,Niort,French Ligue 2,0.64,1.58,23.18
526,521,Orange County SC,United Soccer League,0.9,2.0,23.11
527,539,Pordenone Calcio,Italy Serie B,0.81,1.85,23.09
528,520,Sarpsborg,Norwegian Tippeligaen,0.76,1.79,23.01
529,522,Indy Eleven,United Soccer League,0.64,1.61,22.77
530,523,Cosenza,Italy Serie B,0.69,1.69,22.61
531,516,AC Horsens,Danish SAS-Ligaen,0.75,1.81,22.26
532,534,Coventry City,English League One,0.7,1.76,22.1
533,529,Tromso,Norwegian Tippeligaen,1.01,2.25,22.08
534,533,Brisbane Roar,Australian A-League,0.95,2.15,22.06
535,530,IK Sirius,Swedish Allsvenskan,0.84,1.98,22.06
536,532,Highlands Park FC,South African ABSA Premier League,0.64,1.65,22.0
537,538,Ascoli,Italy Serie B,0.72,1.82,21.65
538,535,FC Cincinnati,Major League Soccer,0.85,2.03,21.63
539,536,San Antonio FC,United Soccer League,1.07,2.38,21.61
540,531,Salernitana,Italy Serie B,0.66,1.72,21.45
541,550,F.B.C Unione Venezia,Italy Serie B,0.68,1.76,21.44
542,545,Shonan Bellmare,Japanese J League,0.85,2.05,21.38
543,541,Virtus Entella,Italy Serie B,0.66,1.76,21.04
544,537,Livorno,Italy Serie B,0.7,1.83,20.95
545,543,Östersunds FK,Swedish Allsvenskan,0.8,2.0,20.9
546,544,Mjondalen,Norwegian Tippeligaen,0.86,2.1,20.76
547,542,Ross County,Scottish Premiership,0.81,2.05,20.5
548,556,Jubilo Iwata,Japanese J League,0.59,1.69,20.38
549,547,Sacramento Republic FC,United Soccer League,0.75,1.96,20.27
550,564,Bristol Rovers,English League One,0.71,1.91,20.15
551,549,LA Galaxy II,United Soccer League,0.97,2.34,20.0
552,546,Lillestrom,Norwegian Tippeligaen,0.76,2.01,19.91
553,551,Austin Bold FC,United Soccer League,0.78,2.05,19.79
554,552,Fresno FC,United Soccer League,0.86,2.18,19.74
555,553,Maritzburg Utd,South African ABSA Premier League,0.48,1.52,19.74
556,554,El Paso Locomotive FC,United Soccer League,0.6,1.76,19.57
557,548,Bradford City,English League Two,0.7,1.94,19.57
558,555,Helsingborgs IF,Swedish Allsvenskan,0.67,1.9,19.47
559,558,St Mirren,Scottish Premiership,0.64,1.84,19.32
560,557,Pisa,Italy Serie B,0.66,1.92,18.94
561,563,Ranheim,Norwegian Tippeligaen,0.82,2.18,18.93
562,561,Golden Arrows,South African ABSA Premier League,0.55,1.74,18.64
563,565,St Johnstone,Scottish Premiership,0.67,1.96,18.57
564,560,Matsumoto Yamaga FC,Japanese J League,0.38,1.45,18.21
565,569,Juve Stabia,Italy Serie B,0.61,1.89,17.98
566,566,Polokwane City FC,South African ABSA Premier League,0.58,1.84,17.95
567,559,Gillingham,English League One,0.58,1.85,17.93
568,567,New Mexico United,United Soccer League,0.82,2.29,17.79
569,568,Lincoln City,English League One,0.58,1.86,17.74
570,570,Swindon Town,English League Two,0.66,2.03,17.5
571,571,Hamilton Academical,Scottish Premiership,0.72,2.14,17.5
572,591,Accrington Stanley,English League One,0.63,1.99,17.29
573,573,Trapani,Italy Serie B,0.62,2.0,17.01
574,572,Charleston Battery,United Soccer League,0.59,1.94,16.89
575,575,Scunthorpe,English League Two,0.65,2.08,16.64
576,574,Shrewsbury Town,English League One,0.49,1.79,16.6
577,576,Milton Keynes Dons,English League One,0.61,2.02,16.59
578,578,Portland Timbers 2,United Soccer League,0.99,2.7,16.3
579,579,Loudoun United FC,United Soccer League,0.95,2.65,16.21
580,580,Ottawa Fury FC,United Soccer League,0.59,2.01,16.19
581,577,Cheltenham Town,English League Two,0.6,2.05,16.02
582,583,AmaZulu,South African ABSA Premier League,0.46,1.8,15.74
583,585,Northampton Town,English League Two,0.6,2.1,15.45
584,595,Forest Green Rovers,English League Two,0.47,1.85,15.36
585,582,Central Coast Mariners,Australian A-League,0.72,2.34,15.32
586,588,Plymouth Argyle,English League Two,0.57,2.07,15.17
587,584,Black Leopards,South African ABSA Premier League,0.49,1.92,15.11
588,602,Crewe Alexandra,English League Two,0.65,2.24,14.88
589,581,Tranmere Rovers,English League One,0.61,2.18,14.79
590,586,Baroka FC,South African ABSA Premier League,0.35,1.66,14.61
591,594,AFC Wimbledon,English League One,0.5,1.99,14.51
592,587,Chippa United,South African ABSA Premier League,0.34,1.65,14.5
593,589,Charlotte Independence,United Soccer League,0.6,2.19,14.44
594,590,Kalmar FF,Swedish Allsvenskan,0.47,1.95,14.35
595,592,Vasby United,Swedish Allsvenskan,0.49,1.99,14.3
596,596,Saint Louis FC,United Soccer League,0.45,1.94,13.98
597,597,Exeter City,English League Two,0.46,1.96,13.98
598,598,Oklahoma City Energy FC,United Soccer League,0.58,2.22,13.81
599,599,Rio Grande Valley FC Toros,United Soccer League,0.58,2.22,13.81
600,593,Mansfield Town,English League Two,0.53,2.15,13.54
601,600,Falkenbergs FF,Swedish Allsvenskan,0.57,2.24,13.42
602,601,Colchester United,English League Two,0.45,2.01,13.16
603,604,Las Vegas Lights FC,United Soccer League,0.57,2.39,12.05
604,609,Oldham Athletic,English League Two,0.47,2.22,11.72
605,603,Rochdale,English League One,0.47,2.25,11.46
606,605,Salford City,English League Two,0.47,2.24,11.43
607,607,Hartford Athletic,United Soccer League,0.78,2.88,11.42
608,608,Stellenbosch FC,South African ABSA Premier League,0.33,1.94,11.33
609,606,Bolton,English League One,0.46,2.37,10.27
610,610,Swope Park Rangers,United Soccer League,0.68,2.87,9.98
611,611,Birmingham Legion FC,United Soccer League,0.39,2.26,9.95
612,613,Bethlehem Steel FC,United Soccer League,0.71,2.98,9.62
613,615,Atlanta United 2,United Soccer League,0.62,2.88,9.09
614,616,Tacoma Defiance,United Soccer League,0.57,2.78,9.08
615,614,Newport County,English League Two,0.2,1.89,9.03
616,617,Memphis 901 FC,United Soccer League,0.32,2.23,8.92
617,612,Southend United,English League One,0.54,2.74,8.89
618,618,Tulsa Roughnecks,United Soccer League,0.47,2.63,8.56
619,619,Leyton Orient,English League Two,0.42,2.53,8.45
620,621,Cambridge United,English League Two,0.21,2.07,8.0
621,625,Stevenage,English League Two,0.2,2.06,7.84
622,620,Grimsby Town,English League Two,0.25,2.23,7.64
623,624,Port Vale,English League Two,0.24,2.19,7.63
624,622,Crawley Town,English League Two,0.34,2.5,7.42
625,623,Carlisle United,English League Two,0.29,2.39,7.33
626,626,Macclesfield,English League Two,0.2,2.2,6.92
627,627,Walsall,English League Two,0.2,2.25,6.68
628,629,Colorado Springs Switchbacks FC,United Soccer League,0.2,2.45,5.6
629,628,Morecambe,English League Two,0.2,2.51,5.3
